{"OutputFileHashSum":"C07FAA5516E117333806EC5181E55B76306393D67E69E24E11F981792C27C54D","Converted":true,"OutputModifyDate":"2026-02-21T03:24:39.7791247Z","Metadatas":[{"CategoryName":"VuGen.Replay","Offset":496,"Length":23,"TypeId":1},{"CategoryName":"VuGen.Replay","Offset":622,"Length":62,"TypeId":2},{"CategoryName":"VuGen.Replay","Offset":9695,"Length":61,"TypeId":5},{"CategoryName":"VuGen.Replay","Offset":9868,"Length":80,"TypeId":6},{"CategoryName":"VuGen.Replay","Offset":9948,"Length":121,"TypeId":2},{"CategoryName":"VuGen.Replay","Offset":10069,"Length":62,"TypeId":2},{"CategoryName":"VuGen.Replay","Offset":23310,"Length":63,"TypeId":5},{"CategoryName":"VuGen.Replay","Offset":23492,"Length":82,"TypeId":6},{"CategoryName":"VuGen.Replay","Offset":23574,"Length":120,"TypeId":2},{"CategoryName":"VuGen.Replay","Offset":23694,"Length":63,"TypeId":2},{"CategoryName":"VuGen.Replay","Offset":36112,"Length":121,"TypeId":2},{"CategoryName":"VuGen.Replay","Offset":36368,"Length":65,"TypeId":2},{"CategoryName":"VuGen.Replay","Offset":47586,"Length":61,"TypeId":5},{"CategoryName":"VuGen.Replay","Offset":47769,"Length":81,"TypeId":6},{"CategoryName":"VuGen.Replay","Offset":47850,"Length":124,"TypeId":2},{"CategoryName":"VuGen.Replay","Offset":47997,"Length":21,"TypeId":1}],"MetadataTypes":[{"CategoryName":"VuGen.Replay","MetadataTypeName":"HP.LR.Vugen.Iteration","Id":1},{"CategoryName":"VuGen.Replay","MetadataTypeName":"HP.LR.Vugen.NotifyTransaction","Id":2},{"CategoryName":"VuGen.Replay","MetadataTypeName":"Utt.Debugger.Error","Id":3},{"CategoryName":"VuGen.Replay","MetadataTypeName":"HP.LR.Vugen.NotifyAny","Id":4},{"CategoryName":"VuGen.Replay","MetadataTypeName":"HP.LR.Vugen.NotifySavingParameter","Id":5},{"CategoryName":"VuGen.Replay","MetadataTypeName":"HP.LR.Vugen.NotifyParameterSubstitution","Id":6}]}